﻿<?xml version="1.0" encoding="utf-8"?>
<deployment>
  <id>33bd1306-f841-4a3f-804a-e231f6ec2714</id>
  <author>N/A</author>
  <deployer>OneDeploy</deployer>
  <authorEmail>N/A</authorEmail>
  <message>OneDeploy</message>
  <progress></progress>
  <status>Success</status>
  <statusText></statusText>
  <lastSuccessEndTime>2026-02-03T08:27:34.7442331Z</lastSuccessEndTime>
  <receivedTime>2026-02-03T08:23:26.4421439Z</receivedTime>
  <startTime>2026-02-03T08:23:29.0838525Z</startTime>
  <endTime>2026-02-03T08:27:34.7442331Z</endTime>
  <complete>True</complete>
  <is_temp>False</is_temp>
  <is_readonly>True</is_readonly>
  <buildSummary />
</deployment>