﻿<?xml version="1.0" encoding="utf-8"?>
<deployment>
  <id>b2dc7b87-b37d-447a-b0ed-2fb82818cd53</id>
  <author>N/A</author>
  <deployer>OneDeploy</deployer>
  <authorEmail>N/A</authorEmail>
  <message>OneDeploy</message>
  <progress></progress>
  <status>Success</status>
  <statusText></statusText>
  <lastSuccessEndTime>2026-02-03T08:11:53.573199Z</lastSuccessEndTime>
  <receivedTime>2026-02-03T08:08:53.8251499Z</receivedTime>
  <startTime>2026-02-03T08:08:55.9774232Z</startTime>
  <endTime>2026-02-03T08:11:53.573199Z</endTime>
  <complete>True</complete>
  <is_temp>False</is_temp>
  <is_readonly>True</is_readonly>
  <buildSummary />
</deployment>