﻿<?xml version="1.0" encoding="utf-8"?>
<deployment>
  <id>d76f4d79-af48-44c8-b674-1cc59aa5e5a5</id>
  <author>N/A</author>
  <deployer>OneDeploy</deployer>
  <authorEmail>N/A</authorEmail>
  <message>OneDeploy</message>
  <progress></progress>
  <status>Failed</status>
  <statusText>Deployment has been stopped due to SCM container restart. The restart can happen due to a management operation on site. Do not perform a management operation and a deployment operation in quick succession. Adding a small delay can help avoid any conflicts.</statusText>
  <lastSuccessEndTime />
  <receivedTime>2026-02-03T09:58:41.7917219Z</receivedTime>
  <startTime>2026-02-03T09:58:45.5711592Z</startTime>
  <endTime>2026-02-03T09:59:58.5220262Z</endTime>
  <complete>True</complete>
  <is_temp>False</is_temp>
  <is_readonly>True</is_readonly>
  <buildSummary />
</deployment>