<step title="Incoming Request" date="2026-02-02T20:29:36.352" instance="eccd12" url="/api/publish?type=zip" method="POST" type="request" pid="770,1,29" Accept="*/*" Host="translate-app-dev-7bs5gmythqxza.scm.azurewebsites.net" User-Agent="AZURECLI/2.69.0 (HOMEBREW)" Accept-Encoding="gzip, deflate" Authorization="Bas..." Cache-Control="no-cache" Content-Type="application/octet-stream" Content-Length="280418" x-ms-client-request-id="e1530116-0075-11f1-9347-8ae5da1b75e8" x-ms-artifact-checksum="345257898c47b3f8d98a635e6af1c280fc499c458623d8b0877cabce5a7d7e83" X-ARR-LOG-ID="e1530116-0075-11f1-9347-8ae5da1b75e8" CLIENT-IP="77.165.216.73:50442" X-SITE-DEPLOYMENT-ID="translate-app-dev-7bs5gmythqxza" WAS-DEFAULT-HOSTNAME="translate-app-dev-7bs5gmythqxza.scm.azurewebsites.net" X-Forwarded-Proto="https" X-AppService-Proto="https" X-Forwarded-TlsVersion="1.3" X-WAWS-Unencoded-URL="/api/publish?type=zip" X-Client-IP="77.165.216.73" X-Client-Port="50442" >
  <step title="Cleanup Xml Logs" date="2026-02-02T20:29:36.381" /><!-- duration: 49ms -->
  <step title="OneDeploy" date="2026-02-02T20:29:36.925" >
    <step title="None repository commit" date="2026-02-02T20:29:36.972" >
      <step title="Commit id: a517b14b-c5e4-4972-86ca-e5b0d3747c73" date="2026-02-02T20:29:36.979" Message="N/A" AuthorName="N/A" AuthorEmail="N/A" /><!-- duration: 39ms -->
    </step><!-- duration: 53ms -->
    <step title="Starting PushDeployAsync" date="2026-02-02T20:29:37.036" /><!-- duration: 14ms -->
    <step title="Writing artifact to /tmp/zipdeploy/4c254567-e700-48b0-9f59-799a3d82c4c9.zip" date="2026-02-02T20:29:37.094" >
      <step title="Writing multipart request body to /tmp/zipdeploy/4c254567-e700-48b0-9f59-799a3d82c4c9.zip" date="2026-02-02T20:29:37.128" /><!-- duration: 15ms -->
    </step><!-- duration: 454ms -->
    <step title="Removing previous build artifact&apos;s manifest file" date="2026-02-02T20:29:37.635" >
      <step title="Attempting to fetch target branch HEAD" date="2026-02-02T20:29:37.686" /><!-- duration: 10ms -->
      <step title="Acquiring Deployment Lock" date="2026-02-02T20:29:37.725" /><!-- duration: 12ms -->
      <step title="Acquired Deployment Lock" date="2026-02-02T20:29:37.886" /><!-- duration: 25ms -->
      <step title="Performing fetch based deployment" date="2026-02-02T20:29:37.972" >
        <step title="Creating temporary deployment" date="2026-02-02T20:29:37.982" /><!-- duration: 199ms -->
        <step title="Releasing Deployment Lock" date="2026-02-02T20:29:40.051" /><!-- duration: 35ms -->
        <step title="Cleaning up temp folders from previous zip deployments and extracting pushed zip file /tmp/zipdeploy/4c254567-e700-48b0-9f59-799a3d82c4c9.zip (0.27 MB) to /tmp/zipdeploy/extracted" date="2026-02-02T20:29:40.266" >
          <step title="ChmodRecursive Process exited with total time taken in ms: 100" date="2026-02-02T20:29:40.495" /><!-- duration: 29ms -->
        </step><!-- duration: 281ms -->
        <step title="None repository commit" date="2026-02-02T20:29:40.571" >
          <step title="Commit id: a517b14b-c5e4-4972-86ca-e5b0d3747c73" date="2026-02-02T20:29:40.578" Message="OneDeploy" AuthorName="N/A" AuthorEmail="N/A" /><!-- duration: 7ms -->
        </step><!-- duration: 24ms -->
        <step title="Deployment timer started" date="2026-02-02T20:29:42.620" >
          <step title="DeploymentManager.Deploy(id:a517b14b-c5e4-4972-86ca-e5b0d3747c73)" date="2026-02-02T20:29:42.651" >
            <step title="Collecting changeset information" date="2026-02-02T20:29:42.704" /><!-- duration: 182ms -->
            <step title="Updating submodules" date="2026-02-02T20:29:42.898" /><!-- duration: 1216ms -->
            <step title="Determining deployment builder" date="2026-02-02T20:29:44.518" >
              <step title="Builder is OryxBuilder" date="2026-02-02T20:29:44.569" /><!-- duration: 8ms -->
            </step><!-- duration: 68ms -->
            <step title="PreDeployment: context.CleanOutputPath False" date="2026-02-02T20:29:44.684" >
              <step title="PreDeployment: context.OutputPath /home/site/wwwroot" date="2026-02-02T20:29:44.896" >
                <step title="Building" date="2026-02-02T20:29:45.207" >
                  <step title="Executing external process" date="2026-02-02T20:29:45.801" type="process" path="bash" arguments="-c &quot;oryx build /tmp/zipdeploy/extracted -o /home/site/wwwroot --platform python --platform-version 3.11 -p virtualenv_name=antenv --log-file /tmp/build-debug.log  -i /tmp/8de6299cd3caf40 --compress-destination-dir | tee /tmp/oryx-build.log ; exit $PIPESTATUS &quot;" >
                    <step title="Cpu: python(1218,40.270s)+ts(1219,0.230s)+build.sh(1217,0.000s)+build.sh(1216,0.000s)+build.sh(1109,0.090s)+oryx(1087,8.140s)+tee(1088,0.000s)+bash(1086,0.010s)=total(48.720s)" date="2026-02-02T20:32:08.743" /><!-- duration: 81ms -->
                    <step title="bash: no io activity for 60s, prev-cpu=-1.000s, current-cpu=48.720s" date="2026-02-02T20:32:08.853" /><!-- duration: 28ms -->
                    <step title="Cpu: gzip(1326,23.680s)+sh(1325,0.000s)+tar(1323,1.640s)+build.sh(1109,0.110s)+oryx(1087,8.930s)+tee(1088,0.000s)+bash(1086,0.010s)=total(34.350s)" date="2026-02-02T20:34:27.648" /><!-- duration: 167ms -->
                    <step title="bash: no io activity for 61s, prev-cpu=-1.000s, current-cpu=34.350s" date="2026-02-02T20:34:28.079" /><!-- duration: 48ms -->
                  </step><!-- duration: 295706ms -->
                  <step title="Using PythonDeploymentLogParser" date="2026-02-02T20:34:46.755" /><!-- duration: 28ms -->
                  <step title="Modified file to trigger a restart of the app container." date="2026-02-02T20:34:58.662" /><!-- duration: 153ms -->
                  <step title="Skip function trigger and logicapp sync because function is not enabled." date="2026-02-02T20:34:59.414" /><!-- duration: 323ms -->
                </step><!-- duration: 323420ms -->
              </step><!-- duration: 324119ms -->
              <step title="Cleaning up temp files" date="2026-02-02T20:35:09.232" /><!-- duration: 34324ms -->
              <step title="Cleaning up temp files" date="2026-02-02T20:35:43.712" /><!-- duration: 710ms -->
              <step title="Reloading status file with latest updates" date="2026-02-02T20:35:44.656" >
                <step title="WebHooksManager.PublishEventAsync: PostDeployment" date="2026-02-02T20:35:44.764" /><!-- duration: 1889ms -->
              </step><!-- duration: 2049ms -->
              <step title="Cleaning up temporary deployment - fetch deployment was successful" date="2026-02-02T20:35:47.059" /><!-- duration: 41ms -->
            </step><!-- duration: 362801ms -->
          </step><!-- duration: 365080ms -->
          <step title="Outgoing response" date="2026-02-02T20:35:48.074" type="response" statusCode="200" statusText="OK" /><!-- duration: 38ms -->
        </step><!-- duration: 365530ms -->
