<step title="Incoming Request" date="2026-02-03T08:41:58.787" instance="eccd12" url="/api/publish?type=zip" method="POST" type="request" pid="770,1,25" Accept="*/*" Host="translate-app-dev-7bs5gmythqxza.scm.azurewebsites.net" User-Agent="AZURECLI/2.69.0 (HOMEBREW)" Accept-Encoding="gzip, deflate" Authorization="Bas..." Cache-Control="no-cache" Content-Type="application/octet-stream" Content-Length="295477" x-ms-client-request-id="2f5ffcae-00dc-11f1-90a1-8ae5da1b75e8" x-ms-artifact-checksum="134b72be01fce4e3d68bdbfa99078c72f06736c9683e73ba7e6471f74b213b44" X-ARR-LOG-ID="2f5ffcae-00dc-11f1-90a1-8ae5da1b75e8" CLIENT-IP="198.184.231.254:53181" X-SITE-DEPLOYMENT-ID="translate-app-dev-7bs5gmythqxza" WAS-DEFAULT-HOSTNAME="translate-app-dev-7bs5gmythqxza.scm.azurewebsites.net" X-Forwarded-Proto="https" X-AppService-Proto="https" X-Forwarded-TlsVersion="1.3" X-WAWS-Unencoded-URL="/api/publish?type=zip" X-Client-IP="198.184.231.254" X-Client-Port="53181" >
  <step title="Cleanup Xml Logs" date="2026-02-03T08:41:58.856" /><!-- duration: 99ms -->
  <step title="OneDeploy" date="2026-02-03T08:41:59.083" >
    <step title="Starting PushDeployAsync" date="2026-02-03T08:41:59.165" /><!-- duration: 21ms -->
    <step title="Writing artifact to /tmp/zipdeploy/f3d13621-20de-4987-967a-51d03f9e4ed8.zip" date="2026-02-03T08:41:59.276" >
      <step title="Writing multipart request body to /tmp/zipdeploy/f3d13621-20de-4987-967a-51d03f9e4ed8.zip" date="2026-02-03T08:41:59.298" /><!-- duration: 45ms -->
    </step><!-- duration: 348ms -->
    <step title="Attempting to fetch target branch HEAD" date="2026-02-03T08:41:59.703" /><!-- duration: 20ms -->
    <step title="Acquiring Deployment Lock" date="2026-02-03T08:41:59.753" /><!-- duration: 37ms -->
    <step title="Acquired Deployment Lock" date="2026-02-03T08:42:00.012" /><!-- duration: 67ms -->
    <step title="Performing fetch based deployment" date="2026-02-03T08:42:00.223" >
      <step title="Creating temporary deployment" date="2026-02-03T08:42:00.251" /><!-- duration: 270ms -->
      <step title="Releasing Deployment Lock" date="2026-02-03T08:42:02.040" /><!-- duration: 92ms -->
      <step title="Cleaning up temp folders from previous zip deployments and extracting pushed zip file /tmp/zipdeploy/f3d13621-20de-4987-967a-51d03f9e4ed8.zip (0.28 MB) to /tmp/zipdeploy/extracted" date="2026-02-03T08:42:02.642" >
        <step title="ChmodRecursive Process exited with total time taken in ms: 511" date="2026-02-03T08:42:03.764" /><!-- duration: 45ms -->
      </step><!-- duration: 1261ms -->
      <step title="None repository commit" date="2026-02-03T08:42:03.951" >
        <step title="Commit id: 11ecbb21-d1ae-443b-a345-579af7745f7b" date="2026-02-03T08:42:04.125" Message="OneDeploy" AuthorName="N/A" AuthorEmail="N/A" /><!-- duration: 35ms -->
      </step><!-- duration: 228ms -->
      <step title="Deployment timer started" date="2026-02-03T08:42:06.324" >
        <step title="DeploymentManager.Deploy(id:11ecbb21-d1ae-443b-a345-579af7745f7b)" date="2026-02-03T08:42:06.609" >
          <step title="Collecting changeset information" date="2026-02-03T08:42:06.781" /><!-- duration: 989ms -->
          <step title="Updating submodules" date="2026-02-03T08:42:07.966" /><!-- duration: 2865ms -->
          <step title="Determining deployment builder" date="2026-02-03T08:42:11.912" >
            <step title="Builder is OryxBuilder" date="2026-02-03T08:42:11.965" /><!-- duration: 10ms -->
          </step><!-- duration: 77ms -->
          <step title="PreDeployment: context.CleanOutputPath False" date="2026-02-03T08:42:12.210" >
            <step title="PreDeployment: context.OutputPath /home/site/wwwroot" date="2026-02-03T08:42:12.599" >
              <step title="Building" date="2026-02-03T08:42:13.111" >
                <step title="Executing external process" date="2026-02-03T08:42:15.178" type="process" path="bash" arguments="-c &quot;oryx build /tmp/zipdeploy/extracted -o /home/site/wwwroot --platform python --platform-version 3.11 -p virtualenv_name=antenv --log-file /tmp/build-debug.log  -i /tmp/8de63001feee54e --compress-destination-dir | tee /tmp/oryx-build.log ; exit $PIPESTATUS &quot;" >
                  <step title="Cpu: python(1234,36.300s)+ts(1235,0.210s)+build.sh(1233,0.000s)+build.sh(1232,0.000s)+build.sh(1113,0.120s)+oryx(1081,11.520s)+tee(1082,0.010s)+bash(1080,0.010s)=total(48.160s)" date="2026-02-03T08:45:38.984" /><!-- duration: 50ms -->
                  <step title="bash: no io activity for 60s, prev-cpu=-1.000s, current-cpu=48.160s" date="2026-02-03T08:45:39.084" /><!-- duration: 30ms -->
                  <step title="Cpu: rsync(1327,2.320s)+rsync(1326,0.370s)+rsync(1324,2.320s)+build.sh(1113,0.140s)+oryx(1081,12.610s)+tee(1082,0.010s)+bash(1080,0.010s)=total(17.770s)" date="2026-02-03T08:48:21.711" /><!-- duration: 398ms -->
                  <step title="bash: no io activity for 60s, prev-cpu=-1.000s, current-cpu=17.770s" date="2026-02-03T08:48:22.794" /><!-- duration: 333ms -->
                  <step title="Cpu: rsync(1327,4.010s)+rsync(1326,0.660s)+rsync(1324,3.900s)+build.sh(1113,0.140s)+oryx(1081,12.710s)+tee(1082,0.010s)+bash(1080,0.010s)=total(21.430s)" date="2026-02-03T08:49:25.910" /><!-- duration: 649ms -->
                  <step title="bash: no io activity for 126s, prev-cpu=17.770s, current-cpu=21.430s" date="2026-02-03T08:49:27.000" /><!-- duration: 393ms -->
