<step title="Incoming Request" date="2026-02-03T08:23:14.135" instance="eccd12" url="/api/publish?type=zip" method="POST" type="request" pid="780,1,87" Accept="*/*" Host="translate-app-dev-7bs5gmythqxza.scm.azurewebsites.net" User-Agent="AZURECLI/2.69.0 (HOMEBREW)" Accept-Encoding="gzip, deflate" Authorization="Bas..." Cache-Control="no-cache" Content-Type="application/octet-stream" Content-Length="294886" x-ms-client-request-id="908eebfa-00d9-11f1-b626-8ae5da1b75e8" x-ms-artifact-checksum="add9ab3f83e2dad0d2d2fe5a37698da03b81c853e95136cd6c39e191762d647b" X-ARR-LOG-ID="908eebfa-00d9-11f1-b626-8ae5da1b75e8" CLIENT-IP="198.184.231.254:51074" X-SITE-DEPLOYMENT-ID="translate-app-dev-7bs5gmythqxza" WAS-DEFAULT-HOSTNAME="translate-app-dev-7bs5gmythqxza.scm.azurewebsites.net" X-Forwarded-Proto="https" X-AppService-Proto="https" X-Forwarded-TlsVersion="1.3" X-WAWS-Unencoded-URL="/api/publish?type=zip" X-Client-IP="198.184.231.254" X-Client-Port="51074" >
  <step title="Cleanup Xml Logs" date="2026-02-03T08:23:14.195" /><!-- duration: 53ms -->
  <step title="OneDeploy" date="2026-02-03T08:23:15.177" >
    <step title="Starting PushDeployAsync" date="2026-02-03T08:23:15.296" /><!-- duration: 36ms -->
    <step title="Writing artifact to /tmp/zipdeploy/5544f9fa-dc48-42d0-8cf5-5d2c97d6d949.zip" date="2026-02-03T08:23:15.522" >
      <step title="Writing multipart request body to /tmp/zipdeploy/5544f9fa-dc48-42d0-8cf5-5d2c97d6d949.zip" date="2026-02-03T08:23:15.561" /><!-- duration: 50ms -->
    </step><!-- duration: 975ms -->
    <step title="Removing previous build artifact&apos;s manifest file" date="2026-02-03T08:23:16.657" >
      <step title="Attempting to fetch target branch HEAD" date="2026-02-03T08:23:16.814" /><!-- duration: 107ms -->
      <step title="Acquiring Deployment Lock" date="2026-02-03T08:23:16.992" /><!-- duration: 92ms -->
      <step title="Acquired Deployment Lock" date="2026-02-03T08:23:17.669" /><!-- duration: 86ms -->
      <step title="Performing fetch based deployment" date="2026-02-03T08:23:17.844" >
        <step title="Creating temporary deployment" date="2026-02-03T08:23:17.880" /><!-- duration: 788ms -->
        <step title="Releasing Deployment Lock" date="2026-02-03T08:23:20.796" /><!-- duration: 58ms -->
        <step title="Cleaning up temp folders from previous zip deployments and extracting pushed zip file /tmp/zipdeploy/5544f9fa-dc48-42d0-8cf5-5d2c97d6d949.zip (0.28 MB) to /tmp/zipdeploy/extracted" date="2026-02-03T08:23:20.945" >
          <step title="ChmodRecursive Process exited with total time taken in ms: 991" date="2026-02-03T08:23:22.943" /><!-- duration: 219ms -->
        </step><!-- duration: 2337ms -->
        <step title="None repository commit" date="2026-02-03T08:23:23.590" >
          <step title="Commit id: 33bd1306-f841-4a3f-804a-e231f6ec2714" date="2026-02-03T08:23:23.676" Message="OneDeploy" AuthorName="N/A" AuthorEmail="N/A" /><!-- duration: 58ms -->
        </step><!-- duration: 230ms -->
        <step title="Deployment timer started" date="2026-02-03T08:23:26.059" >
          <step title="DeploymentManager.Deploy(id:33bd1306-f841-4a3f-804a-e231f6ec2714)" date="2026-02-03T08:23:26.100" >
            <step title="Collecting changeset information" date="2026-02-03T08:23:26.231" /><!-- duration: 550ms -->
            <step title="Updating submodules" date="2026-02-03T08:23:26.867" /><!-- duration: 1629ms -->
            <step title="Determining deployment builder" date="2026-02-03T08:23:29.286" >
              <step title="Builder is OryxBuilder" date="2026-02-03T08:23:29.692" /><!-- duration: 32ms -->
            </step><!-- duration: 467ms -->
            <step title="PreDeployment: context.CleanOutputPath False" date="2026-02-03T08:23:30.038" >
              <step title="PreDeployment: context.OutputPath /home/site/wwwroot" date="2026-02-03T08:23:30.616" >
                <step title="Building" date="2026-02-03T08:23:31.261" >
                  <step title="Executing external process" date="2026-02-03T08:23:33.482" type="process" path="bash" arguments="-c &quot;oryx build /tmp/zipdeploy/extracted -o /home/site/wwwroot --platform python --platform-version 3.11 -p virtualenv_name=antenv --log-file /tmp/build-debug.log  -i /tmp/8de62fd831344f2 --compress-destination-dir | tee /tmp/oryx-build.log ; exit $PIPESTATUS &quot;" >
                    <step title="Cpu: python(9751,39.460s)+ts(9752,0.180s)+build.sh(9750,0.000s)+build.sh(9749,0.000s)+build.sh(9658,0.070s)+oryx(9636,6.340s)+tee(9637,0.010s)+bash(9635,0.010s)=total(46.060s)" date="2026-02-03T08:25:42.971" /><!-- duration: 39ms -->
                    <step title="bash: no io activity for 60s, prev-cpu=-1.000s, current-cpu=46.060s" date="2026-02-03T08:25:43.066" /><!-- duration: 22ms -->
                  </step><!-- duration: 231199ms -->
                  <step title="Using PythonDeploymentLogParser" date="2026-02-03T08:27:26.363" /><!-- duration: 80ms -->
                  <step title="Modified file to trigger a restart of the app container." date="2026-02-03T08:27:33.265" /><!-- duration: 29ms -->
                  <step title="Skip function trigger and logicapp sync because function is not enabled." date="2026-02-03T08:27:33.333" /><!-- duration: 94ms -->
                </step><!-- duration: 246938ms -->
              </step><!-- duration: 247681ms -->
              <step title="Cleaning up temp files" date="2026-02-03T08:27:38.316" /><!-- duration: 6092ms -->
              <step title="Cleaning up temp files" date="2026-02-03T08:27:44.465" /><!-- duration: 622ms -->
              <step title="Reloading status file with latest updates" date="2026-02-03T08:27:45.363" >
                <step title="WebHooksManager.PublishEventAsync: PostDeployment" date="2026-02-03T08:27:45.384" /><!-- duration: 189ms -->
              </step><!-- duration: 315ms -->
              <step title="Cleaning up temporary deployment - fetch deployment was successful" date="2026-02-03T08:27:45.729" /><!-- duration: 30ms -->
            </step><!-- duration: 256034ms -->
          </step><!-- duration: 260046ms -->
          <step title="Outgoing response" date="2026-02-03T08:27:46.270" type="response" statusCode="200" statusText="OK" /><!-- duration: 40ms -->
        </step><!-- duration: 260306ms -->
