<step title="BackgroundTrace" date="2026-02-02T20:42:09.122" instance="eccd12" url="/api/publish" method="POST" >
  <step title="Cleanup Xml Logs" date="2026-02-02T20:42:09.428" /><!-- duration: 1686ms -->
  <step title="Creating temporary deployment - FetchDeploymentManager" date="2026-02-02T20:42:21.529" /><!-- duration: 748ms -->
  <step title="Creating temporary deployment" date="2026-02-02T20:42:23.792" /><!-- duration: 6996ms -->
  <step title="Performing fetch based deployment" date="2026-02-02T20:43:06.246" >
    <step title="Cleaning up temp folders from previous zip deployments and extracting pushed zip file /tmp/zipdeploy/183cb63b-368f-4f02-b220-731828c2bb5d.zip (0.27 MB) to /tmp/zipdeploy/extracted" date="2026-02-02T20:43:19.981" >
      <step title="ChmodRecursive Process exited with total time taken in ms: 833" date="2026-02-02T20:43:43.574" /><!-- duration: 1051ms -->
    </step><!-- duration: 25327ms -->
    <step title="Deployment timer started" date="2026-02-02T20:43:48.616" >
      <step title="DeploymentManager.Deploy(id:78449fd4-a305-4e57-974e-6fdd43d94969)" date="2026-02-02T20:43:48.737" >
        <step title="Collecting changeset information" date="2026-02-02T20:43:49.334" /><!-- duration: 2260ms -->
        <step title="Updating submodules" date="2026-02-02T20:43:51.802" /><!-- duration: 3680ms -->
        <step title="Determining deployment builder" date="2026-02-02T20:43:59.982" >
          <step title="Builder is OryxBuilder" date="2026-02-02T20:44:00.643" /><!-- duration: 42ms -->
        </step><!-- duration: 750ms -->
        <step title="PreDeployment: context.CleanOutputPath False" date="2026-02-02T20:44:02.344" >
          <step title="PreDeployment: context.OutputPath /home/site/wwwroot" date="2026-02-02T20:44:10.740" >
            <step title="Building" date="2026-02-02T20:44:11.714" >
              <step title="Executing external process" date="2026-02-02T20:44:14.423" type="process" path="bash" arguments="-c &quot;oryx build /tmp/zipdeploy/extracted -o /home/site/wwwroot --platform python --platform-version 3.11 -p virtualenv_name=antenv --log-file /tmp/build-debug.log  -i /tmp/8de629bcb9f01b6 --compress-destination-dir | tee /tmp/oryx-build.log ; exit $PIPESTATUS &quot;" 