<step title="Incoming Request" date="2026-02-03T08:51:51.651" instance="eccd12" url="/api/publish?type=zip&amp;async=False" method="POST" type="request" pid="784,1,15" Accept="*/*" Host="translate-app-dev-7bs5gmythqxza.scm.azurewebsites.net" User-Agent="AZURECLI/2.69.0 (HOMEBREW)" Accept-Encoding="gzip, deflate" Authorization="Bas..." Cache-Control="no-cache" Content-Type="application/octet-stream" Content-Length="594349" x-ms-client-request-id="91be1af6-00dd-11f1-ac8b-8ae5da1b75e8" x-ms-artifact-checksum="15e3caf9ed7a8151260711817fdfe133f567919a372f012e1c3ca0abab2c3402" X-ARR-LOG-ID="91be1af6-00dd-11f1-ac8b-8ae5da1b75e8" CLIENT-IP="198.184.231.254:54954" X-SITE-DEPLOYMENT-ID="translate-app-dev-7bs5gmythqxza" WAS-DEFAULT-HOSTNAME="translate-app-dev-7bs5gmythqxza.scm.azurewebsites.net" X-Forwarded-Proto="https" X-AppService-Proto="https" X-Forwarded-TlsVersion="1.3" X-WAWS-Unencoded-URL="/api/publish?type=zip&amp;async=False" X-Client-IP="198.184.231.254" X-Client-Port="54954" >
  <step title="OneDeploy" date="2026-02-03T08:51:57.221" >
    <step title="None repository commit" date="2026-02-03T08:51:57.346" >
      <step title="Commit id: d9a77493-1af7-43fa-9571-adeafc6868e6" date="2026-02-03T08:51:57.385" Message="N/A" AuthorName="N/A" AuthorEmail="N/A" /><!-- duration: 35ms -->
    </step><!-- duration: 128ms -->
    <step title="Starting PushDeployAsync" date="2026-02-03T08:51:57.504" /><!-- duration: 27ms -->
    <step title="Writing artifact to /tmp/zipdeploy/46c40e9e-4c38-434f-82b6-41e0bb68b089.zip" date="2026-02-03T08:51:57.674" >
      <step title="Writing multipart request body to /tmp/zipdeploy/46c40e9e-4c38-434f-82b6-41e0bb68b089.zip" date="2026-02-03T08:51:57.703" /><!-- duration: 66ms -->
    </step><!-- duration: 834ms -->
    <step title="Attempting to fetch target branch HEAD" date="2026-02-03T08:51:58.641" /><!-- duration: 38ms -->
    <step title="Acquiring Deployment Lock" date="2026-02-03T08:51:58.731" /><!-- duration: 49ms -->
    <step title="Acquired Deployment Lock" date="2026-02-03T08:51:59.282" /><!-- duration: 70ms -->
    <step title="Performing fetch based deployment" date="2026-02-03T08:51:59.501" >
      <step title="Creating temporary deployment" date="2026-02-03T08:51:59.584" /><!-- duration: 332ms -->
      <step title="Releasing Deployment Lock" date="2026-02-03T08:52:02.210" /><!-- duration: 128ms -->
      <step title="Cleaning up temp folders from previous zip deployments and extracting pushed zip file /tmp/zipdeploy/46c40e9e-4c38-434f-82b6-41e0bb68b089.zip (0.57 MB) to /tmp/zipdeploy/extracted" date="2026-02-03T08:52:03.685" >
        <step title="ChmodRecursive Process exited with total time taken in ms: 699" date="2026-02-03T08:52:07.523" /><!-- duration: 155ms -->
      </step><!-- duration: 4080ms -->
      <step title="None repository commit" date="2026-02-03T08:52:07.832" >
        <step title="Commit id: d9a77493-1af7-43fa-9571-adeafc6868e6" date="2026-02-03T08:52:07.957" Message="OneDeploy" AuthorName="N/A" AuthorEmail="N/A" /><!-- duration: 93ms -->
      </step><!-- duration: 267ms -->
      <step title="Deployment timer started" date="2026-02-03T08:52:10.266" >
        <step title="DeploymentManager.Deploy(id:d9a77493-1af7-43fa-9571-adeafc6868e6)" date="2026-02-03T08:52:10.379" >
          <step title="Collecting changeset information" date="2026-02-03T08:52:11.123" /><!-- duration: 1723ms -->
          <step title="Updating submodules" date="2026-02-03T08:52:12.940" /><!-- duration: 3825ms -->
          <step title="Determining deployment builder" date="2026-02-03T08:52:22.043" >
            <step title="Builder is OryxBuilder" date="2026-02-03T08:52:22.706" /><!-- duration: 65ms -->
          </step><!-- duration: 942ms -->
          <step title="PreDeployment: context.CleanOutputPath False" date="2026-02-03T08:52:23.650" >
            <step title="PreDeployment: context.OutputPath /home/site/wwwroot" date="2026-02-03T08:52:25.077" >
              <step title="Building" date="2026-02-03T08:52:27.915" >
                <step title="Executing external process" date="2026-02-03T08:52:40.177" type="process" path="bash" arguments="-c &quot;oryx build /tmp/zipdeploy/extracted -o /home/site/wwwroot --platform python --platform-version 3.11 -p virtualenv_name=antenv --log-file /tmp/build-debug.log  -i /tmp/8de63018c27c36c --compress-destination-dir | tee /tmp/oryx-build.log ; exit $PIPESTATUS &quot;" >
                  <step title="Cpu: oryx(867,2.030s)+tee(868,0.000s)+bash(866,0.010s)=total(2.030s)" date="2026-02-03T08:53:44.370" /><!-- duration: 330ms -->
                  <step title="bash: no io activity for 60s, prev-cpu=-1.000s, current-cpu=2.030s" date="2026-02-03T08:53:45.132" /><!-- duration: 74ms -->
