<step title="Incoming Request" date="2026-02-03T08:57:08.088" instance="eccd12" url="/api/publish?type=zip&amp;async=False" method="POST" type="request" pid="770,1,3" Accept="*/*" Host="translate-app-dev-7bs5gmythqxza.scm.azurewebsites.net" User-Agent="AZURECLI/2.69.0 (HOMEBREW)" Accept-Encoding="gzip, deflate" Authorization="Bas..." Cache-Control="no-cache" Content-Type="application/octet-stream" Content-Length="595732" x-ms-client-request-id="46923052-00de-11f1-bdec-8ae5da1b75e8" x-ms-artifact-checksum="8f527461f34f84615f5f41f899c31bf8a01a0e4fdfa2aca5516cae4118aed53e" X-ARR-LOG-ID="46923052-00de-11f1-bdec-8ae5da1b75e8" CLIENT-IP="198.184.231.254:56843" X-SITE-DEPLOYMENT-ID="translate-app-dev-7bs5gmythqxza" WAS-DEFAULT-HOSTNAME="translate-app-dev-7bs5gmythqxza.scm.azurewebsites.net" X-Forwarded-Proto="https" X-AppService-Proto="https" X-Forwarded-TlsVersion="1.3" X-WAWS-Unencoded-URL="/api/publish?type=zip&amp;async=False" X-Client-IP="198.184.231.254" X-Client-Port="56843" >
  <step title="OneDeploy" date="2026-02-03T08:57:10.158" >
    <step title="None repository commit" date="2026-02-03T08:57:10.196" >
      <step title="Commit id: d9d12c74-37eb-434d-ad83-cf70616d75ee" date="2026-02-03T08:57:10.222" Message="N/A" AuthorName="N/A" AuthorEmail="N/A" /><!-- duration: 29ms -->
    </step><!-- duration: 80ms -->
    <step title="Starting PushDeployAsync" date="2026-02-03T08:57:10.307" /><!-- duration: 82ms -->
    <step title="Writing artifact to /tmp/zipdeploy/35d8ff21-0729-45df-88b5-4da6226a5be6.zip" date="2026-02-03T08:57:10.550" >
      <step title="Writing multipart request body to /tmp/zipdeploy/35d8ff21-0729-45df-88b5-4da6226a5be6.zip" date="2026-02-03T08:57:10.615" /><!-- duration: 26ms -->
    </step><!-- duration: 801ms -->
    <step title="Attempting to fetch target branch HEAD" date="2026-02-03T08:57:11.717" /><!-- duration: 27ms -->
    <step title="Acquiring Deployment Lock" date="2026-02-03T08:57:11.802" /><!-- duration: 91ms -->
    <step title="Acquired Deployment Lock" date="2026-02-03T08:57:12.075" /><!-- duration: 14ms -->
    <step title="Performing fetch based deployment" date="2026-02-03T08:57:12.178" >
      <step title="Creating temporary deployment" date="2026-02-03T08:57:12.320" /><!-- duration: 391ms -->
      <step title="Cleaning up temp folders from previous zip deployments and extracting pushed zip file /tmp/zipdeploy/35d8ff21-0729-45df-88b5-4da6226a5be6.zip (0.57 MB) to /tmp/zipdeploy/extracted" date="2026-02-03T08:57:15.075" >
        <step title="Releasing Deployment Lock" date="2026-02-03T08:57:15.135" /><!-- duration: 72ms -->
        <step title="ChmodRecursive Process exited with total time taken in ms: 562" date="2026-02-03T08:57:16.430" /><!-- duration: 92ms -->
      </step><!-- duration: 1457ms -->
      <step title="None repository commit" date="2026-02-03T08:57:16.541" >
        <step title="Commit id: d9d12c74-37eb-434d-ad83-cf70616d75ee" date="2026-02-03T08:57:16.549" Message="OneDeploy" AuthorName="N/A" AuthorEmail="N/A" /><!-- duration: 8ms -->
      </step><!-- duration: 28ms -->
      <step title="Deployment timer started" date="2026-02-03T08:57:18.628" >
        <step title="DeploymentManager.Deploy(id:d9d12c74-37eb-434d-ad83-cf70616d75ee)" date="2026-02-03T08:57:18.688" >
          <step title="Collecting changeset information" date="2026-02-03T08:57:18.781" /><!-- duration: 626ms -->
          <step title="Updating submodules" date="2026-02-03T08:57:19.541" /><!-- duration: 1890ms -->
          <step title="Determining deployment builder" date="2026-02-03T08:57:22.601" >
            <step title="Builder is OryxBuilder" date="2026-02-03T08:57:22.624" /><!-- duration: 11ms -->
          </step><!-- duration: 44ms -->
          <step title="PreDeployment: context.CleanOutputPath False" date="2026-02-03T08:57:22.833" >
            <step title="PreDeployment: context.OutputPath /home/site/wwwroot" date="2026-02-03T08:57:23.094" >
              <step title="Building" date="2026-02-03T08:57:23.384" >
                <step title="Executing external process" date="2026-02-03T08:57:24.764" type="process" path="bash" arguments="-c &quot;oryx build /tmp/zipdeploy/extracted -o /home/site/wwwroot --platform python --platform-version 3.11 -p virtualenv_name=antenv --log-file /tmp/build-debug.log  -i /tmp/8de63023eb80a54 --compress-destination-dir | tee /tmp/oryx-build.log ; exit $PIPESTATUS &quot;" >
                  <step title="Cpu: python(976,37.940s)+ts(977,0.220s)+build.sh(975,0.000s)+build.sh(974,0.000s)+build.sh(866,0.110s)+oryx(829,10.420s)+tee(830,0.010s)+bash(828,0.010s)=total(48.700s)" date="2026-02-03T09:00:49.543" /><!-- duration: 36ms -->
                  <step title="bash: no io activity for 61s, prev-cpu=-1.000s, current-cpu=48.700s" date="2026-02-03T09:00:49.648" /><!-- duration: 38ms -->
                  <step title="Cpu: gzip(1069,18.560s)+sh(1068,0.010s)+tar(1067,1.500s)+build.sh(866,0.120s)+oryx(829,11.290s)+tee(830,0.010s)+bash(828,0.010s)=total(31.500s)" date="2026-02-03T09:02:53.350" /><!-- duration: 182ms -->
                  <step title="bash: no io activity for 61s, prev-cpu=-1.000s, current-cpu=31.500s" date="2026-02-03T09:02:53.656" /><!-- duration: 113ms -->
                </step><!-- duration: 366219ms -->
                <step title="Using PythonDeploymentLogParser" date="2026-02-03T09:03:33.721" /><!-- duration: 37ms -->
                <step title="Modified file to trigger a restart of the app container." date="2026-02-03T09:03:43.884" /><!-- duration: 77ms -->
                <step title="Skip function trigger and logicapp sync because function is not enabled." date="2026-02-03T09:03:44.258" /><!-- duration: 26ms -->
                <step title="Purge deployment items" date="2026-02-03T09:03:56.827" >
                  <step title="Remove d9a77493-, Failed, received at 02/03/2026 08:52:12" date="2026-02-03T09:03:57.246" /><!-- duration: 154ms -->
                  <step title="Remove temp-5571, Failed, received at 02/03/2026 08:51:59" date="2026-02-03T09:03:58.107" /><!-- duration: 131ms -->
                  <step title="Remove 11ecbb21-, Failed, received at 02/03/2026 08:42:07" date="2026-02-03T09:03:59.025" /><!-- duration: 122ms -->
                  <step title="Remove temp-bb22, Failed, received at 02/03/2026 08:42:00" date="2026-02-03T09:04:00.790" /><!-- duration: 116ms -->
                  <step title="Remove f1a9fc9b-, Failed, received at 02/03/2026 08:40:46" date="2026-02-03T09:04:02.028" /><!-- duration: 249ms -->
                </step><!-- duration: 5554ms -->
              </step><!-- duration: 400002ms -->
            </step><!-- duration: 400517ms -->
            <step title="Cleaning up temp files" date="2026-02-03T09:04:03.636" /><!-- duration: 10848ms -->
            <step title="Cleaning up temp files" date="2026-02-03T09:04:14.511" /><!-- duration: 556ms -->
            <step title="Reloading status file with latest updates" date="2026-02-03T09:04:15.330" >
              <step title="WebHooksManager.PublishEventAsync: PostDeployment" date="2026-02-03T09:04:15.375" /><!-- duration: 1132ms -->
            </step><!-- duration: 1207ms -->
            <step title="Cleaning up temporary deployment - fetch deployment was successful" date="2026-02-03T09:04:16.567" /><!-- duration: 30ms -->
          </step><!-- duration: 414025ms -->
        </step><!-- duration: 418347ms -->
        <step title="Outgoing response" date="2026-02-03T09:04:17.317" type="response" statusCode="200" statusText="OK" /><!-- duration: 38ms -->
      </step><!-- duration: 418755ms -->
