<step title="Incoming Request" date="2026-02-02T20:54:13.586" instance="eccd12" url="/api/publish?type=zip" method="POST" type="request" pid="794,1,26" Accept="*/*" Host="translate-app-dev-7bs5gmythqxza.scm.azurewebsites.net" User-Agent="AZURECLI/2.69.0 (HOMEBREW)" Accept-Encoding="gzip, deflate" Authorization="Bas..." Cache-Control="no-cache" Content-Type="application/octet-stream" Content-Length="280335" x-ms-client-request-id="51ed70f2-0079-11f1-a054-8ae5da1b75e8" x-ms-artifact-checksum="0e868d7c92afb9538d53820e7303b68c7efb131b8ec0e727f672e2b82a2c564d" X-ARR-LOG-ID="51ed70f2-0079-11f1-a054-8ae5da1b75e8" CLIENT-IP="77.165.216.73:56306" X-SITE-DEPLOYMENT-ID="translate-app-dev-7bs5gmythqxza" WAS-DEFAULT-HOSTNAME="translate-app-dev-7bs5gmythqxza.scm.azurewebsites.net" X-Forwarded-Proto="https" X-AppService-Proto="https" X-Forwarded-TlsVersion="1.3" X-WAWS-Unencoded-URL="/api/publish?type=zip" X-Client-IP="77.165.216.73" X-Client-Port="56306" >
  <step title="Cleanup Xml Logs" date="2026-02-02T20:54:13.811" /><!-- duration: 69ms -->
  <step title="OneDeploy" date="2026-02-02T20:54:14.649" >
    <step title="Starting PushDeployAsync" date="2026-02-02T20:54:14.728" /><!-- duration: 47ms -->
    <step title="Writing artifact to /tmp/zipdeploy/d6ca9876-6b91-4afb-9656-d10810e8b48c.zip" date="2026-02-02T20:54:14.923" >
      <step title="Writing multipart request body to /tmp/zipdeploy/d6ca9876-6b91-4afb-9656-d10810e8b48c.zip" date="2026-02-02T20:54:14.969" /><!-- duration: 60ms -->
    </step><!-- duration: 319ms -->
    <step title="Removing previous build artifact&apos;s manifest file" date="2026-02-02T20:54:15.320" >
      <step title="Attempting to fetch target branch HEAD" date="2026-02-02T20:54:15.556" /><!-- duration: 48ms -->
      <step title="Acquiring Deployment Lock" date="2026-02-02T20:54:15.653" /><!-- duration: 66ms -->
      <step title="Acquired Deployment Lock" date="2026-02-02T20:54:15.888" /><!-- duration: 49ms -->
      <step title="Performing fetch based deployment" date="2026-02-02T20:54:16.046" >
        <step title="Creating temporary deployment" date="2026-02-02T20:54:16.095" /><!-- duration: 464ms -->
        <step title="Releasing Deployment Lock" date="2026-02-02T20:54:18.187" /><!-- duration: 36ms -->
        <step title="Cleaning up temp folders from previous zip deployments and extracting pushed zip file /tmp/zipdeploy/d6ca9876-6b91-4afb-9656-d10810e8b48c.zip (0.27 MB) to /tmp/zipdeploy/extracted" date="2026-02-02T20:54:18.414" >
          <step title="ChmodRecursive Process exited with total time taken in ms: 637" date="2026-02-02T20:54:19.495" /><!-- duration: 98ms -->
        </step><!-- duration: 1209ms -->
        <step title="None repository commit" date="2026-02-02T20:54:19.651" >
          <step title="Commit id: 7590691f-d518-4946-9a4c-b6083511bc88" date="2026-02-02T20:54:19.682" Message="OneDeploy" AuthorName="N/A" AuthorEmail="N/A" /><!-- duration: 13ms -->
        </step><!-- duration: 60ms -->
        <step title="Deployment timer started" date="2026-02-02T20:54:21.777" >
          <step title="DeploymentManager.Deploy(id:7590691f-d518-4946-9a4c-b6083511bc88)" date="2026-02-02T20:54:21.816" >
            <step title="Collecting changeset information" date="2026-02-02T20:54:21.918" /><!-- duration: 266ms -->
            <step title="Updating submodules" date="2026-02-02T20:54:22.225" /><!-- duration: 1386ms -->
            <step title="Determining deployment builder" date="2026-02-02T20:54:24.582" >
              <step title="Builder is OryxBuilder" date="2026-02-02T20:54:24.669" /><!-- duration: 57ms -->
            </step><!-- duration: 205ms -->
            <step title="PreDeployment: context.CleanOutputPath False" date="2026-02-02T20:54:25.269" >
              <step title="PreDeployment: context.OutputPath /home/site/wwwroot" date="2026-02-02T20:54:26.791" >
                <step title="Building" date="2026-02-02T20:54:27.310" >
                  <step title="Executing external process" date="2026-02-02T20:54:28.279" type="process" path="bash" arguments="-c &quot;oryx build /tmp/zipdeploy/extracted -o /home/site/wwwroot --platform python --platform-version 3.11 -p virtualenv_name=antenv --log-file /tmp/build-debug.log  -i /tmp/8de629d3f8381d2 --compress-destination-dir | tee /tmp/oryx-build.log ; exit $PIPESTATUS &quot;" >
                    <step title="Cpu: python(1280,40.690s)+ts(1281,0.180s)+build.sh(1279,0.000s)+build.sh(1277,0.000s)+build.sh(1194,0.080s)+oryx(1174,4.340s)+tee(1175,0.000s)+bash(1173,0.010s)=total(45.300s)" date="2026-02-02T20:55:58.821" /><!-- duration: 39ms -->
                    <step title="bash: no io activity for 61s, prev-cpu=-1.000s, current-cpu=45.300s" date="2026-02-02T20:55:59.078" /><!-- duration: 111ms -->
                    <step title="Cpu: gzip(1331,13.950s)+sh(1330,0.010s)+tar(1329,1.160s)+build.sh(1194,0.080s)+oryx(1174,5.330s)+tee(1175,0.010s)+bash(1173,0.010s)=total(20.550s)" date="2026-02-02T20:57:40.615" /><!-- duration: 326ms -->
                    <step title="bash: no io activity for 60s, prev-cpu=-1.000s, current-cpu=20.550s" date="2026-02-02T20:57:41.299" /><!-- duration: 422ms -->
                    <step title="Cpu: gzip(1331,21.830s)+sh(1330,0.010s)+tar(1329,2.300s)+build.sh(1194,0.080s)+oryx(1174,5.440s)+tee(1175,0.010s)+bash(1173,0.010s)=total(29.670s)" date="2026-02-02T20:58:41.978" /><!-- duration: 79ms -->
                    <step title="bash: no io activity for 122s, prev-cpu=20.550s, current-cpu=29.670s" date="2026-02-02T20:58:42.134" /><!-- duration: 129ms -->
                  </step><!-- duration: 282471ms -->
                  <step title="Using PythonDeploymentLogParser" date="2026-02-02T20:59:15.975" /><!-- duration: 101ms -->
                  <step title="Modified file to trigger a restart of the app container." date="2026-02-02T20:59:28.517" /><!-- duration: 128ms -->
                  <step title="Skip function trigger and logicapp sync because function is not enabled." date="2026-02-02T20:59:28.748" /><!-- duration: 141ms -->
                </step><!-- duration: 306806ms -->
              </step><!-- duration: 307448ms -->
              <step title="Cleaning up temp files" date="2026-02-02T20:59:34.310" /><!-- duration: 19562ms -->
              <step title="Cleaning up temp files" date="2026-02-02T20:59:54.135" /><!-- duration: 1146ms -->
              <step title="Reloading status file with latest updates" date="2026-02-02T20:59:56.466" >
                <step title="WebHooksManager.PublishEventAsync: PostDeployment" date="2026-02-02T20:59:56.819" /><!-- duration: 514ms -->
              </step><!-- duration: 960ms -->
              <step title="Cleaning up temporary deployment - fetch deployment was successful" date="2026-02-02T20:59:57.559" /><!-- duration: 153ms -->
            </step><!-- duration: 333747ms -->
          </step><!-- duration: 338122ms -->
          <step title="Outgoing response" date="2026-02-02T21:00:01.517" type="response" statusCode="200" statusText="OK" /><!-- duration: 411ms -->
        </step><!-- duration: 340306ms -->
