﻿<?xml version="1.0" encoding="utf-8"?>
<deployment>
  <id>d9d12c74-37eb-434d-ad83-cf70616d75ee</id>
  <author>N/A</author>
  <deployer>OneDeploy</deployer>
  <authorEmail>N/A</authorEmail>
  <message>OneDeploy</message>
  <progress></progress>
  <status>Success</status>
  <statusText></statusText>
  <lastSuccessEndTime>2026-02-03T09:03:45.6773634Z</lastSuccessEndTime>
  <receivedTime>2026-02-03T08:57:19.2434411Z</receivedTime>
  <startTime>2026-02-03T08:57:22.3797014Z</startTime>
  <endTime>2026-02-03T09:03:45.6773634Z</endTime>
  <complete>True</complete>
  <is_temp>False</is_temp>
  <is_readonly>True</is_readonly>
  <buildSummary />
</deployment>