﻿<?xml version="1.0" encoding="utf-8"?>
<deployment>
  <id>temp-ca854bbb</id>
  <author>OneDeploy</author>
  <deployer>OneDeploy</deployer>
  <authorEmail>N/A</authorEmail>
  <message>N/A</message>
  <progress></progress>
  <status>Failed</status>
  <statusText>Deployment has been stopped due to SCM container restart. The restart can happen due to a management operation on site. Do not perform a management operation and a deployment operation in quick succession. Adding a small delay can help avoid any conflicts.</statusText>
  <lastSuccessEndTime />
  <receivedTime>2026-02-03T09:58:32.3614273Z</receivedTime>
  <startTime>2026-02-03T09:58:32.3614273Z</startTime>
  <endTime>2026-02-03T10:00:00.3489835Z</endTime>
  <complete>True</complete>
  <is_temp>True</is_temp>
  <is_readonly>False</is_readonly>
  <buildSummary />
</deployment>