﻿<?xml version="1.0" encoding="utf-8"?>
<deployment>
  <id>a517b14b-c5e4-4972-86ca-e5b0d3747c73</id>
  <author>N/A</author>
  <deployer>OneDeploy</deployer>
  <authorEmail>N/A</authorEmail>
  <message>OneDeploy</message>
  <progress></progress>
  <status>Success</status>
  <statusText></statusText>
  <lastSuccessEndTime>2026-02-02T20:35:02.9638603Z</lastSuccessEndTime>
  <receivedTime>2026-02-02T20:29:42.7645849Z</receivedTime>
  <startTime>2026-02-02T20:29:44.3903766Z</startTime>
  <endTime>2026-02-02T20:35:02.9638603Z</endTime>
  <complete>True</complete>
  <is_temp>False</is_temp>
  <is_readonly>True</is_readonly>
  <buildSummary />
</deployment>