<step title="Incoming Request" date="2026-02-02T19:49:19.943" instance="eccd12" url="/api/zipdeploy?isAsync=true" method="POST" type="request" pid="770,1,22" Accept="*/*" Host="translate-app-dev-7bs5gmythqxza.scm.azurewebsites.net" User-Agent="AZURECLI/2.69.0 (HOMEBREW)" Accept-Encoding="gzip, deflate" Authorization="Bas..." Cache-Control="no-cache" Content-Type="application/octet-stream" Content-Length="78445" x-ms-client-request-id="419289bc-0070-11f1-a30d-8ae5da1b75e8" x-ms-artifact-checksum="6b38bda96f3e91bca8aa3b63cec596c505fa8cf1e9f8b63af4d7c51f3bbb5dfa" X-ARR-LOG-ID="419289bc-0070-11f1-a30d-8ae5da1b75e8" CLIENT-IP="77.165.216.73:60899" X-SITE-DEPLOYMENT-ID="translate-app-dev-7bs5gmythqxza" WAS-DEFAULT-HOSTNAME="translate-app-dev-7bs5gmythqxza.scm.azurewebsites.net" X-Forwarded-Proto="https" X-AppService-Proto="https" X-Forwarded-TlsVersion="1.3" X-WAWS-Unencoded-URL="/api/zipdeploy?isAsync=true" X-Client-IP="77.165.216.73" X-Client-Port="60899" >
  <step title="Cleanup Xml Logs" date="2026-02-02T19:49:19.962" /><!-- duration: 13ms -->
  <step title="ZipPushDeploy" date="2026-02-02T19:49:21.215" >
    <step title="ZipDeploy. Extract zip. Remote build." date="2026-02-02T19:49:21.315" /><!-- duration: 20ms -->
    <step title="None repository commit" date="2026-02-02T19:49:21.582" >
      <step title="Commit id: 4aefd095-0850-4cd2-a153-ef443cd77902" date="2026-02-02T19:49:21.621" Message="N/A" AuthorName="N/A" AuthorEmail="N/A" /><!-- duration: 78ms -->
    </step><!-- duration: 147ms -->
    <step title="Starting PushDeployAsync" date="2026-02-02T19:49:21.837" /><!-- duration: 21ms -->
    <step title="Writing artifact to /tmp/zipdeploy/01713e50-fb9d-4ae4-8af4-c49f0684d172.zip" date="2026-02-02T19:49:22.094" >
      <step title="Writing multipart request body to /tmp/zipdeploy/01713e50-fb9d-4ae4-8af4-c49f0684d172.zip" date="2026-02-02T19:49:22.134" /><!-- duration: 29ms -->
    </step><!-- duration: 337ms -->
    <step title="Start deployment in the background" date="2026-02-02T19:49:22.465" >
      <step title="Acquiring Deployment Lock" date="2026-02-02T19:49:22.520" /><!-- duration: 48ms -->
      <step title="Acquired Deployment Lock" date="2026-02-02T19:49:22.883" /><!-- duration: 7ms -->
    </step><!-- duration: 591ms -->
  </step><!-- duration: 1862ms -->
  <step title="Outgoing response" date="2026-02-02T19:49:23.091" type="response" statusCode="202" statusText="Accepted" /><!-- duration: 8ms -->
</step><!-- duration: 3163ms -->
