<step title="BackgroundTrace" date="2026-02-02T19:49:22.480" instance="eccd12" url="/api/zipdeploy" method="POST" >
  <step title="Creating temporary deployment - FetchDeploymentManager" date="2026-02-02T19:49:22.904" /><!-- duration: 5ms -->
  <step title="Creating temporary deployment" date="2026-02-02T19:49:22.929" /><!-- duration: 118ms -->
  <step title="Performing fetch based deployment" date="2026-02-02T19:49:23.158" >
    <step title="Cleaning up temp folders from previous zip deployments and extracting pushed zip file /tmp/zipdeploy/01713e50-fb9d-4ae4-8af4-c49f0684d172.zip (0.07 MB) to /tmp/zipdeploy/extracted" date="2026-02-02T19:49:24.592" >
      <step title="ChmodRecursive Process exited with total time taken in ms: 85" date="2026-02-02T19:49:24.793" /><!-- duration: 9ms -->
    </step><!-- duration: 220ms -->
    <step title="Deployment timer started" date="2026-02-02T19:49:26.859" >
      <step title="DeploymentManager.Deploy(id:4aefd095-0850-4cd2-a153-ef443cd77902)" date="2026-02-02T19:49:26.883" >
        <step title="Collecting changeset information" date="2026-02-02T19:49:26.931" /><!-- duration: 147ms -->
        <step title="Updating submodules" date="2026-02-02T19:49:27.092" /><!-- duration: 1221ms -->
        <step title="Determining deployment builder" date="2026-02-02T19:49:28.781" >
          <step title="Builder is OryxBuilder" date="2026-02-02T19:49:28.823" /><!-- duration: 8ms -->
        </step><!-- duration: 57ms -->
        <step title="PreDeployment: context.CleanOutputPath False" date="2026-02-02T19:49:28.967" >
          <step title="PreDeployment: context.OutputPath /home/site/wwwroot" date="2026-02-02T19:49:29.497" >
            <step title="Building" date="2026-02-02T19:49:29.800" >
              <step title="Executing external process" date="2026-02-02T19:49:30.378" type="process" path="bash" arguments="-c &quot;oryx build /tmp/zipdeploy/extracted -o /home/site/wwwroot --platform python --platform-version 3.11 -p virtualenv_name=antenv --log-file /tmp/build-debug.log  -i /tmp/8de62942d566c49 --compress-destination-dir | tee /tmp/oryx-build.log ; exit $PIPESTATUS &quot;" >
                <step title="Cpu: python(1123,27.320s)+ts(1124,0.190s)+build.sh(1122,0.000s)+build.sh(1121,0.000s)+build.sh(1011,0.070s)+oryx(990,8.740s)+tee(991,0.000s)+bash(989,0.000s)=total(36.300s)" date="2026-02-02T19:51:56.520" /><!-- duration: 91ms -->
                <step title="bash: no io activity for 61s, prev-cpu=-1.000s, current-cpu=36.300s" date="2026-02-02T19:51:56.669" /><!-- duration: 19ms -->
                <step title="Cpu: python(1123,40.680s)+ts(1124,0.220s)+build.sh(1122,0.000s)+build.sh(1121,0.000s)+build.sh(1011,0.070s)+oryx(990,8.880s)+tee(991,0.000s)+bash(989,0.000s)=total(49.840s)" date="2026-02-02T19:52:57.559" /><!-- duration: 59ms -->
                <step title="bash: no io activity for 122s, prev-cpu=36.300s, current-cpu=49.840s" date="2026-02-02T19:52:57.883" /><!-- duration: 78ms -->
                <step title="Cpu: python(1123,53.670s)+ts(1124,0.220s)+build.sh(1122,0.000s)+build.sh(1121,0.000s)+build.sh(1011,0.070s)+oryx(990,9.020s)+tee(991,0.000s)+bash(989,0.000s)=total(62.980s)" date="2026-02-02T19:53:59.283" /><!-- duration: 65ms -->
                <step title="bash: no io activity for 184s, prev-cpu=49.840s, current-cpu=62.980s" date="2026-02-02T19:53:59.406" /><!-- duration: 105ms -->
              </step><!-- duration: 336187ms -->
              <step title="Using PythonDeploymentLogParser" date="2026-02-02T19:55:07.507" /><!-- duration: 46ms -->
              <step title="Triggering recycle (preview mode disabled)." date="2026-02-02T19:55:09.541" /><!-- duration: 20ms -->
              <step title="Modified file to trigger a restart of the app container." date="2026-02-02T19:55:09.617" /><!-- duration: 8ms -->
              <step title="Skip function trigger and logicapp sync because function is not enabled." date="2026-02-02T19:55:09.684" /><!-- duration: 10ms -->
            </step><!-- duration: 340996ms -->
          </step><!-- duration: 341318ms -->
          <step title="Cleaning up temp files" date="2026-02-02T19:55:10.823" /><!-- duration: 1144ms -->
          <step title="Cleaning up temp files" date="2026-02-02T19:55:11.982" /><!-- duration: 514ms -->
          <step title="Reloading status file with latest updates" date="2026-02-02T19:55:12.557" >
            <step title="WebHooksManager.PublishEventAsync: PostDeployment" date="2026-02-02T19:55:12.568" /><!-- duration: 133ms -->
          </step><!-- duration: 151ms -->
          <step title="Cleaning up temporary deployment - fetch deployment was successful" date="2026-02-02T19:55:12.724" /><!-- duration: 7ms -->
        </step><!-- duration: 343850ms -->
      </step><!-- duration: 345992ms -->
