<step title="Incoming Request" date="2026-02-02T21:05:18.096" instance="eccd12" url="/api/publish?type=zip" method="POST" type="request" pid="780,1,19" Accept="*/*" Host="translate-app-dev-7bs5gmythqxza.scm.azurewebsites.net" User-Agent="AZURECLI/2.69.0 (HOMEBREW)" Accept-Encoding="gzip, deflate" Authorization="Bas..." Cache-Control="no-cache" Content-Type="application/octet-stream" Content-Length="250531" x-ms-client-request-id="dab9d1ea-007a-11f1-aade-8ae5da1b75e8" x-ms-artifact-checksum="a6bae9a315112c61f9b6c0949bd499a7e4336677d6e60b0bb440b3cc6cfc23e2" X-ARR-LOG-ID="dab9d1ea-007a-11f1-aade-8ae5da1b75e8" CLIENT-IP="77.165.216.73:57432" X-SITE-DEPLOYMENT-ID="translate-app-dev-7bs5gmythqxza" WAS-DEFAULT-HOSTNAME="translate-app-dev-7bs5gmythqxza.scm.azurewebsites.net" X-Forwarded-Proto="https" X-AppService-Proto="https" X-Forwarded-TlsVersion="1.3" X-WAWS-Unencoded-URL="/api/publish?type=zip" X-Client-IP="77.165.216.73" X-Client-Port="57432" >
  <step title="OneDeploy" date="2026-02-02T21:05:19.299" >
    <step title="None repository commit" date="2026-02-02T21:05:19.390" >
      <step title="Commit id: 95ba96b1-0428-4cb7-ab0c-513c130d0fc2" date="2026-02-02T21:05:19.409" Message="N/A" AuthorName="N/A" AuthorEmail="N/A" /><!-- duration: 7ms -->
    </step><!-- duration: 35ms -->
    <step title="Starting PushDeployAsync" date="2026-02-02T21:05:19.436" /><!-- duration: 7ms -->
    <step title="Writing artifact to /tmp/zipdeploy/0c813809-dbc1-45ad-aa21-723b6e827c8a.zip" date="2026-02-02T21:05:19.494" >
      <step title="Writing multipart request body to /tmp/zipdeploy/0c813809-dbc1-45ad-aa21-723b6e827c8a.zip" date="2026-02-02T21:05:19.544" /><!-- duration: 21ms -->
    </step><!-- duration: 207ms -->
    <step title="Removing previous build artifact&apos;s manifest file" date="2026-02-02T21:05:19.714" >
      <step title="Attempting to fetch target branch HEAD" date="2026-02-02T21:05:19.748" /><!-- duration: 8ms -->
      <step title="Acquiring Deployment Lock" date="2026-02-02T21:05:19.765" /><!-- duration: 14ms -->
      <step title="Acquired Deployment Lock" date="2026-02-02T21:05:19.863" /><!-- duration: 8ms -->
      <step title="Performing fetch based deployment" date="2026-02-02T21:05:19.888" >
        <step title="Creating temporary deployment" date="2026-02-02T21:05:19.898" /><!-- duration: 149ms -->
        <step title="Releasing Deployment Lock" date="2026-02-02T21:05:21.467" /><!-- duration: 15ms -->
        <step title="Cleaning up temp folders from previous zip deployments and extracting pushed zip file /tmp/zipdeploy/0c813809-dbc1-45ad-aa21-723b6e827c8a.zip (0.24 MB) to /tmp/zipdeploy/extracted" date="2026-02-02T21:05:21.557" >
          <step title="ChmodRecursive Process exited with total time taken in ms: 109" date="2026-02-02T21:05:21.725" /><!-- duration: 14ms -->
        </step><!-- duration: 192ms -->
        <step title="None repository commit" date="2026-02-02T21:05:21.767" >
          <step title="Commit id: 95ba96b1-0428-4cb7-ab0c-513c130d0fc2" date="2026-02-02T21:05:21.775" Message="OneDeploy" AuthorName="N/A" AuthorEmail="N/A" /><!-- duration: 8ms -->
        </step><!-- duration: 24ms -->
        <step title="Deployment timer started" date="2026-02-02T21:05:23.818" >
          <step title="DeploymentManager.Deploy(id:95ba96b1-0428-4cb7-ab0c-513c130d0fc2)" date="2026-02-02T21:05:23.831" >
            <step title="Collecting changeset information" date="2026-02-02T21:05:23.874" /><!-- duration: 182ms -->
            <step title="Updating submodules" date="2026-02-02T21:05:24.078" /><!-- duration: 1261ms -->
            <step title="Determining deployment builder" date="2026-02-02T21:05:25.821" >
              <step title="Builder is OryxBuilder" date="2026-02-02T21:05:25.851" /><!-- duration: 8ms -->
            </step><!-- duration: 47ms -->
            <step title="PreDeployment: context.CleanOutputPath False" date="2026-02-02T21:05:25.978" >
              <step title="PreDeployment: context.OutputPath /home/site/wwwroot" date="2026-02-02T21:05:26.179" >
                <step title="Building" date="2026-02-02T21:05:26.644" >
                  <step title="Executing external process" date="2026-02-02T21:05:27.239" type="process" path="bash" arguments="-c &quot;oryx build /tmp/zipdeploy/extracted -o /home/site/wwwroot --platform python --platform-version 3.11 -p virtualenv_name=antenv --log-file /tmp/build-debug.log  -i /tmp/8de629ec98c1cba --compress-destination-dir | tee /tmp/oryx-build.log ; exit $PIPESTATUS &quot;" >
                    <step title="Cpu: python(1019,28.240s)+ts(1020,0.130s)+build.sh(1018,0.000s)+build.sh(1017,0.000s)+build.sh(908,0.110s)+oryx(885,8.170s)+tee(886,0.000s)+bash(884,0.010s)=total(36.650s)" date="2026-02-02T21:07:47.051" /><!-- duration: 99ms -->
                    <step title="bash: no io activity for 60s, prev-cpu=-1.000s, current-cpu=36.650s" date="2026-02-02T21:07:47.197" /><!-- duration: 21ms -->
                  </step><!-- duration: 253805ms -->
                  <step title="Using PythonDeploymentLogParser" date="2026-02-02T21:09:43.158" /><!-- duration: 32ms -->
                  <step title="Modified file to trigger a restart of the app container." date="2026-02-02T21:09:45.645" /><!-- duration: 9ms -->
                  <step title="Skip function trigger and logicapp sync because function is not enabled." date="2026-02-02T21:09:45.671" /><!-- duration: 7ms -->
                </step><!-- duration: 260446ms -->
              </step><!-- duration: 260926ms -->
              <step title="Cleaning up temp files" date="2026-02-02T21:09:47.112" /><!-- duration: 1333ms -->
              <step title="Cleaning up temp files" date="2026-02-02T21:09:48.459" /><!-- duration: 522ms -->
              <step title="Reloading status file with latest updates" date="2026-02-02T21:09:49.037" >
                <step title="WebHooksManager.PublishEventAsync: PostDeployment" date="2026-02-02T21:09:49.047" /><!-- duration: 136ms -->
              </step><!-- duration: 152ms -->
              <step title="Cleaning up temporary deployment - fetch deployment was successful" date="2026-02-02T21:09:49.205" /><!-- duration: 6ms -->
            </step><!-- duration: 263354ms -->
          </step><!-- duration: 265547ms -->
          <step title="Outgoing response" date="2026-02-02T21:09:49.418" type="response" statusCode="200" statusText="OK" /><!-- duration: 9ms -->
        </step><!-- duration: 265616ms -->
