<step title="Incoming Request" date="2026-02-03T09:58:29.856" instance="eccd12" url="/api/publish?type=zip&amp;async=False" method="POST" type="request" pid="770,1,36" Accept="*/*" Host="translate-app-dev-7bs5gmythqxza.scm.azurewebsites.net" User-Agent="AZURECLI/2.69.0 (HOMEBREW)" Accept-Encoding="gzip, deflate" Authorization="Bas..." Cache-Control="no-cache" Content-Type="application/octet-stream" Content-Length="859600" x-ms-client-request-id="ddb9f912-00e6-11f1-95ca-8ae5da1b75e8" x-ms-artifact-checksum="53cc219d44e914b874d37a84eaafdc894d4bb87253e02f07317f48a0c362530e" X-ARR-LOG-ID="ddb9f912-00e6-11f1-95ca-8ae5da1b75e8" CLIENT-IP="198.184.231.254:61353" X-SITE-DEPLOYMENT-ID="translate-app-dev-7bs5gmythqxza" WAS-DEFAULT-HOSTNAME="translate-app-dev-7bs5gmythqxza.scm.azurewebsites.net" X-Forwarded-Proto="https" X-AppService-Proto="https" X-Forwarded-TlsVersion="1.3" X-WAWS-Unencoded-URL="/api/publish?type=zip&amp;async=False" X-Client-IP="198.184.231.254" X-Client-Port="61353" >
  <step title="Cleanup Xml Logs" date="2026-02-03T09:58:29.914" /><!-- duration: 167ms -->
  <step title="OneDeploy" date="2026-02-03T09:58:30.889" >
    <step title="Starting PushDeployAsync" date="2026-02-03T09:58:31.051" /><!-- duration: 13ms -->
    <step title="Writing artifact to /tmp/zipdeploy/3e5b74a9-5321-4629-8f50-1868429aa328.zip" date="2026-02-03T09:58:31.165" >
      <step title="Writing multipart request body to /tmp/zipdeploy/3e5b74a9-5321-4629-8f50-1868429aa328.zip" date="2026-02-03T09:58:31.192" /><!-- duration: 50ms -->
    </step><!-- duration: 343ms -->
    <step title="Removing previous build artifact&apos;s manifest file" date="2026-02-03T09:58:31.554" >
      <step title="Attempting to fetch target branch HEAD" date="2026-02-03T09:58:31.637" /><!-- duration: 20ms -->
      <step title="Acquiring Deployment Lock" date="2026-02-03T09:58:31.745" /><!-- duration: 36ms -->
      <step title="Acquired Deployment Lock" date="2026-02-03T09:58:31.993" /><!-- duration: 66ms -->
      <step title="Performing fetch based deployment" date="2026-02-03T09:58:32.147" >
        <step title="Creating temporary deployment" date="2026-02-03T09:58:32.253" /><!-- duration: 706ms -->
        <step title="Releasing Deployment Lock" date="2026-02-03T09:58:35.258" /><!-- duration: 95ms -->
        <step title="Cleaning up temp folders from previous zip deployments and extracting pushed zip file /tmp/zipdeploy/3e5b74a9-5321-4629-8f50-1868429aa328.zip (0.82 MB) to /tmp/zipdeploy/extracted" date="2026-02-03T09:58:35.905" >
          <step title="ChmodRecursive Process exited with total time taken in ms: 256" date="2026-02-03T09:58:36.930" /><!-- duration: 55ms -->
        </step><!-- duration: 1164ms -->
        <step title="None repository commit" date="2026-02-03T09:58:37.167" >
          <step title="Commit id: d76f4d79-af48-44c8-b674-1cc59aa5e5a5" date="2026-02-03T09:58:37.252" Message="OneDeploy" AuthorName="N/A" AuthorEmail="N/A" /><!-- duration: 45ms -->
        </step><!-- duration: 159ms -->
        <step title="Deployment timer started" date="2026-02-03T09:58:39.914" >
          <step title="DeploymentManager.Deploy(id:d76f4d79-af48-44c8-b674-1cc59aa5e5a5)" date="2026-02-03T09:58:40.442" >
            <step title="Collecting changeset information" date="2026-02-03T09:58:41.233" /><!-- duration: 1092ms -->
            <step title="Updating submodules" date="2026-02-03T09:58:42.478" /><!-- duration: 1851ms -->
            <step title="Determining deployment builder" date="2026-02-03T09:58:46.235" >
              <step title="Builder is OryxBuilder" date="2026-02-03T09:58:46.442" /><!-- duration: 28ms -->
            </step><!-- duration: 332ms -->
            <step title="PreDeployment: context.CleanOutputPath False" date="2026-02-03T09:58:46.907" >
              <step title="PreDeployment: context.OutputPath /home/site/wwwroot" date="2026-02-03T09:58:47.900" >
                <step title="Building" date="2026-02-03T09:58:49.417" >
                  <step title="Executing external process" date="2026-02-03T09:58:55.215" type="process" path="bash" arguments="-c &quot;oryx build /tmp/zipdeploy/extracted -o /home/site/wwwroot --platform python --platform-version 3.11 -p virtualenv_name=antenv --log-file /tmp/build-debug.log  -i /tmp/8de630ad286ce4c --compress-destination-dir | tee /tmp/oryx-build.log ; exit $PIPESTATUS &quot;" 