<step title="Incoming Request" date="2026-02-02T20:41:45.536" instance="eccd12" url="/api/publish?type=zip&amp;async=True" method="POST" type="request" pid="780,1,17" Accept="*/*" Host="translate-app-dev-7bs5gmythqxza.scm.azurewebsites.net" User-Agent="AZURECLI/2.69.0 (HOMEBREW)" Accept-Encoding="gzip, deflate" Authorization="Bas..." Cache-Control="no-cache" Content-Type="application/octet-stream" Content-Length="280335" x-ms-client-request-id="922715e4-0077-11f1-90d7-8ae5da1b75e8" x-ms-artifact-checksum="0e868d7c92afb9538d53820e7303b68c7efb131b8ec0e727f672e2b82a2c564d" X-ARR-LOG-ID="922715e4-0077-11f1-90d7-8ae5da1b75e8" CLIENT-IP="77.165.216.73:53035" X-SITE-DEPLOYMENT-ID="translate-app-dev-7bs5gmythqxza" WAS-DEFAULT-HOSTNAME="translate-app-dev-7bs5gmythqxza.scm.azurewebsites.net" X-Forwarded-Proto="https" X-AppService-Proto="https" X-Forwarded-TlsVersion="1.3" X-WAWS-Unencoded-URL="/api/publish?type=zip&amp;async=True" X-Client-IP="77.165.216.73" X-Client-Port="53035" >
  <step title="Cleanup Xml Logs" date="2026-02-02T20:41:46.560" /><!-- duration: 402ms -->
  <step title="OneDeploy" date="2026-02-02T20:41:56.392" >
    <step title="Starting PushDeployAsync" date="2026-02-02T20:41:57.559" /><!-- duration: 292ms -->
    <step title="Writing artifact to /tmp/zipdeploy/183cb63b-368f-4f02-b220-731828c2bb5d.zip" date="2026-02-02T20:41:58.723" >
      <step title="Writing multipart request body to /tmp/zipdeploy/183cb63b-368f-4f02-b220-731828c2bb5d.zip" date="2026-02-02T20:41:59.583" /><!-- duration: 595ms -->
    </step><!-- duration: 8617ms -->
    <step title="Start deployment in the background" date="2026-02-02T20:42:08.598" >
      <step title="Acquiring Deployment Lock" date="2026-02-02T20:42:12.939" /><!-- duration: 1469ms -->
      <step title="Acquired Deployment Lock" date="2026-02-02T20:42:16.322" /><!-- duration: 1355ms -->
    </step><!-- duration: 23464ms -->
  </step><!-- duration: 45793ms -->
  <step title="Outgoing response" date="2026-02-02T20:42:59.961" type="response" statusCode="202" statusText="Accepted" /><!-- duration: 205ms -->
</step><!-- duration: 75041ms -->
