<step title="Incoming Request" date="2026-02-03T08:41:20.584" instance="eccd12" url="/api/publish?type=zip" method="POST" type="request" pid="770,1,24" Accept="*/*" Host="translate-app-dev-7bs5gmythqxza.scm.azurewebsites.net" User-Agent="AZURECLI/2.69.0 (HOMEBREW)" Accept-Encoding="gzip, deflate" Authorization="Bas..." Cache-Control="no-cache" Content-Type="application/octet-stream" Content-Length="295477" x-ms-client-request-id="19831966-00dc-11f1-bff5-8ae5da1b75e8" x-ms-artifact-checksum="134b72be01fce4e3d68bdbfa99078c72f06736c9683e73ba7e6471f74b213b44" X-ARR-LOG-ID="19831966-00dc-11f1-bff5-8ae5da1b75e8" CLIENT-IP="198.184.231.254:53134" X-SITE-DEPLOYMENT-ID="translate-app-dev-7bs5gmythqxza" WAS-DEFAULT-HOSTNAME="translate-app-dev-7bs5gmythqxza.scm.azurewebsites.net" X-Forwarded-Proto="https" X-AppService-Proto="https" X-Forwarded-TlsVersion="1.3" X-WAWS-Unencoded-URL="/api/publish?type=zip" X-Client-IP="198.184.231.254" X-Client-Port="53134" >
  <step title="Cleanup Xml Logs" date="2026-02-03T08:41:20.602" /><!-- duration: 101ms -->
  <step title="OneDeploy" date="2026-02-03T08:41:21.144" >
    <step title="Starting PushDeployAsync" date="2026-02-03T08:41:21.209" /><!-- duration: 29ms -->
    <step title="Writing artifact to /tmp/zipdeploy/58ac5381-612d-4e0c-b7e2-914fdb8bcffc.zip" date="2026-02-03T08:41:21.327" >
      <step title="Writing multipart request body to /tmp/zipdeploy/58ac5381-612d-4e0c-b7e2-914fdb8bcffc.zip" date="2026-02-03T08:41:21.367" /><!-- duration: 30ms -->
    </step><!-- duration: 220ms -->
    <step title="Attempting to fetch target branch HEAD" date="2026-02-03T08:41:21.654" /><!-- duration: 47ms -->
    <step title="Acquiring Deployment Lock" date="2026-02-03T08:41:21.722" /><!-- duration: 42ms -->
    <step title="Cannot Acquire Deployment Lock already held" date="2026-02-03T08:41:22.444" /><!-- duration: 18ms -->
    <step title="There is a deployment currently in progress. Please try again when it completes." date="2026-02-03T08:41:22.596" /><!-- duration: 20ms -->
  </step><!-- duration: 1520ms -->
  <step title="Outgoing response" date="2026-02-03T08:41:23.044" type="response" statusCode="409" statusText="Conflict" /><!-- duration: 56ms -->
</step><!-- duration: 2580ms -->
