<step title="Incoming Request" date="2026-02-02T20:45:13.535" instance="eccd12" url="/api/publish?type=zip&amp;async=False" method="POST" type="request" pid="794,1,15" Accept="*/*" Host="translate-app-dev-7bs5gmythqxza.scm.azurewebsites.net" User-Agent="AZURECLI/2.69.0 (HOMEBREW)" Accept-Encoding="gzip, deflate" Authorization="Bas..." Cache-Control="no-cache" Content-Type="application/octet-stream" Content-Length="250403" x-ms-client-request-id="0bc79cd4-0078-11f1-98da-8ae5da1b75e8" x-ms-artifact-checksum="0bfe56bfc4069c2b06442a66e94f3b966a71b9b53f17d623b537b3c01f30d8f0" X-ARR-LOG-ID="0bc79cd4-0078-11f1-98da-8ae5da1b75e8" CLIENT-IP="77.165.216.73:54380" X-SITE-DEPLOYMENT-ID="translate-app-dev-7bs5gmythqxza" WAS-DEFAULT-HOSTNAME="translate-app-dev-7bs5gmythqxza.scm.azurewebsites.net" X-Forwarded-Proto="https" X-AppService-Proto="https" X-Forwarded-TlsVersion="1.3" X-WAWS-Unencoded-URL="/api/publish?type=zip&amp;async=False" X-Client-IP="77.165.216.73" X-Client-Port="54380" >
  <step title="OneDeploy" date="2026-02-02T20:45:16.859" >
    <step title="None repository commit" date="2026-02-02T20:45:16.906" >
      <step title="Commit id: bd87ddac-ab0f-4cd6-a85f-b846601b5e96" date="2026-02-02T20:45:16.915" Message="N/A" AuthorName="N/A" AuthorEmail="N/A" /><!-- duration: 10ms -->
    </step><!-- duration: 29ms -->
    <step title="Starting PushDeployAsync" date="2026-02-02T20:45:16.944" /><!-- duration: 19ms -->
    <step title="Writing artifact to /tmp/zipdeploy/bb945832-4714-4e04-9688-49bfbdbee248.zip" date="2026-02-02T20:45:17.065" >
      <step title="Writing multipart request body to /tmp/zipdeploy/bb945832-4714-4e04-9688-49bfbdbee248.zip" date="2026-02-02T20:45:17.089" /><!-- duration: 28ms -->
    </step><!-- duration: 285ms -->
    <step title="Attempting to fetch target branch HEAD" date="2026-02-02T20:45:17.396" /><!-- duration: 13ms -->
    <step title="Acquiring Deployment Lock" date="2026-02-02T20:45:17.417" /><!-- duration: 15ms -->
    <step title="Acquired Deployment Lock" date="2026-02-02T20:45:17.503" /><!-- duration: 12ms -->
    <step title="Performing fetch based deployment" date="2026-02-02T20:45:17.550" >
      <step title="Creating temporary deployment" date="2026-02-02T20:45:17.609" /><!-- duration: 157ms -->
      <step title="Releasing Deployment Lock" date="2026-02-02T20:45:19.201" /><!-- duration: 17ms -->
      <step title="Cleaning up temp folders from previous zip deployments and extracting pushed zip file /tmp/zipdeploy/bb945832-4714-4e04-9688-49bfbdbee248.zip (0.24 MB) to /tmp/zipdeploy/extracted" date="2026-02-02T20:45:19.491" >
        <step title="ChmodRecursive Process exited with total time taken in ms: 142" date="2026-02-02T20:45:19.758" /><!-- duration: 21ms -->
      </step><!-- duration: 300ms -->
      <step title="None repository commit" date="2026-02-02T20:45:19.811" >
        <step title="Commit id: bd87ddac-ab0f-4cd6-a85f-b846601b5e96" date="2026-02-02T20:45:19.820" Message="OneDeploy" AuthorName="N/A" AuthorEmail="N/A" /><!-- duration: 9ms -->
      </step><!-- duration: 26ms -->
      <step title="Deployment timer started" date="2026-02-02T20:45:21.928" >
        <step title="DeploymentManager.Deploy(id:bd87ddac-ab0f-4cd6-a85f-b846601b5e96)" date="2026-02-02T20:45:21.952" >
          <step title="Collecting changeset information" date="2026-02-02T20:45:22.024" /><!-- duration: 286ms -->
          <step title="Updating submodules" date="2026-02-02T20:45:22.364" /><!-- duration: 1298ms -->
          <step title="Determining deployment builder" date="2026-02-02T20:45:24.372" >
            <step title="Builder is OryxBuilder" date="2026-02-02T20:45:24.458" /><!-- duration: 13ms -->
          </step><!-- duration: 114ms -->
          <step title="PreDeployment: context.CleanOutputPath False" date="2026-02-02T20:45:24.664" >
            <step title="PreDeployment: context.OutputPath /home/site/wwwroot" date="2026-02-02T20:45:25.023" >
              <step title="Building" date="2026-02-02T20:45:25.676" >
                <step title="Executing external process" date="2026-02-02T20:45:26.599" type="process" path="bash" arguments="-c &quot;oryx build /tmp/zipdeploy/extracted -o /home/site/wwwroot --platform python --platform-version 3.11 -p virtualenv_name=antenv --log-file /tmp/build-debug.log  -i /tmp/8de629bfd76eacc --compress-destination-dir | tee /tmp/oryx-build.log ; exit $PIPESTATUS &quot;" >
                  <step title="Cpu: gzip(868,4.220s)+tar(867,2.220s)+build.sh(855,0.020s)+oryx(833,9.460s)+tee(834,0.000s)+bash(832,0.000s)=total(15.900s)" date="2026-02-02T20:46:52.568" /><!-- duration: 132ms -->
                  <step title="bash: no io activity for 61s, prev-cpu=-1.000s, current-cpu=15.900s" date="2026-02-02T20:46:52.863" /><!-- duration: 29ms -->
                  <step title="Cpu: gzip(868,8.280s)+tar(867,4.120s)+build.sh(855,0.020s)+oryx(833,9.730s)+tee(834,0.000s)+bash(832,0.000s)=total(22.150s)" date="2026-02-02T20:47:54.380" /><!-- duration: 77ms -->
                  <step title="bash: no io activity for 123s, prev-cpu=15.900s, current-cpu=22.150s" date="2026-02-02T20:47:54.526" /><!-- duration: 49ms -->
                  <step title="Cpu: python(999,39.240s)+ts(1000,0.190s)+build.sh(998,0.000s)+build.sh(997,0.000s)+build.sh(855,0.120s)+oryx(833,10.090s)+tee(834,0.010s)+bash(832,0.000s)=total(49.650s)" date="2026-02-02T20:49:44.948" /><!-- duration: 263ms -->
                  <step title="bash: no io activity for 61s, prev-cpu=-1.000s, current-cpu=49.650s" date="2026-02-02T20:49:45.259" /><!-- duration: 55ms -->
                  <step title="Cpu: python(999,52.000s)+ts(1000,0.190s)+build.sh(998,0.000s)+build.sh(997,0.000s)+build.sh(855,0.120s)+oryx(833,10.310s)+tee(834,0.010s)+bash(832,0.000s)=total(62.630s)" date="2026-02-02T20:50:45.938" /><!-- duration: 126ms -->
                  <step title="bash: no io activity for 122s, prev-cpu=49.650s, current-cpu=62.630s" date="2026-02-02T20:50:46.141" /><!-- duration: 43ms -->
                </step><!-- duration: 449530ms -->
                <step title="Using PythonDeploymentLogParser" date="2026-02-02T20:52:56.922" /><!-- duration: 8ms -->
                <step title="Modified file to trigger a restart of the app container." date="2026-02-02T20:52:59.190" /><!-- duration: 9ms -->
                <step title="Skip function trigger and logicapp sync because function is not enabled." date="2026-02-02T20:52:59.227" /><!-- duration: 8ms -->
                <step title="Purge deployment items" date="2026-02-02T20:53:00.544" >
                  <step title="Remove 78449fd4-, Failed, received at 02/02/2026 20:43:49" date="2026-02-02T20:53:00.648" /><!-- duration: 8ms -->
                </step><!-- duration: 119ms -->
              </step><!-- duration: 455125ms -->
            </step><!-- duration: 455806ms -->
            <step title="Cleaning up temp files" date="2026-02-02T20:53:00.837" /><!-- duration: 1975ms -->
            <step title="Cleaning up temp files" date="2026-02-02T20:53:02.823" /><!-- duration: 542ms -->
            <step title="Reloading status file with latest updates" date="2026-02-02T20:53:03.417" >
              <step title="WebHooksManager.PublishEventAsync: PostDeployment" date="2026-02-02T20:53:03.431" /><!-- duration: 130ms -->
            </step><!-- duration: 151ms -->
            <step title="Cleaning up temporary deployment - fetch deployment was successful" date="2026-02-02T20:53:03.582" /><!-- duration: 8ms -->
          </step><!-- duration: 459027ms -->
        </step><!-- duration: 461776ms -->
        <step title="Outgoing response" date="2026-02-02T20:53:03.815" type="response" statusCode="200" statusText="OK" /><!-- duration: 8ms -->
      </step><!-- duration: 461908ms -->
