<step title="Incoming Request" date="2026-02-03T08:08:47.796" instance="eccd12" url="/api/publish?type=zip" method="POST" type="request" pid="780,1,78" Accept="*/*" Host="translate-app-dev-7bs5gmythqxza.scm.azurewebsites.net" User-Agent="AZURECLI/2.69.0 (HOMEBREW)" Accept-Encoding="gzip, deflate" Authorization="Bas..." Cache-Control="no-cache" Content-Type="application/octet-stream" Content-Length="285683" x-ms-client-request-id="8cf207e0-00d7-11f1-abe1-8ae5da1b75e8" x-ms-artifact-checksum="abb1b7cbfba524ba97c650a13f0ede5d7d7f1c3777b53305910838cbd46617a3" X-ARR-LOG-ID="8cf207e0-00d7-11f1-abe1-8ae5da1b75e8" CLIENT-IP="198.184.231.254:49435" X-SITE-DEPLOYMENT-ID="translate-app-dev-7bs5gmythqxza" WAS-DEFAULT-HOSTNAME="translate-app-dev-7bs5gmythqxza.scm.azurewebsites.net" X-Forwarded-Proto="https" X-AppService-Proto="https" X-Forwarded-TlsVersion="1.3" X-WAWS-Unencoded-URL="/api/publish?type=zip" X-Client-IP="198.184.231.254" X-Client-Port="49435" >
  <step title="Cleanup Xml Logs" date="2026-02-03T08:08:47.921" /><!-- duration: 262ms -->
  <step title="OneDeploy" date="2026-02-03T08:08:48.611" >
    <step title="Starting PushDeployAsync" date="2026-02-03T08:08:48.656" /><!-- duration: 8ms -->
    <step title="Writing artifact to /tmp/zipdeploy/9021dfde-4239-4680-8a2e-8d93618ec68c.zip" date="2026-02-03T08:08:48.699" >
      <step title="Writing multipart request body to /tmp/zipdeploy/9021dfde-4239-4680-8a2e-8d93618ec68c.zip" date="2026-02-03T08:08:48.708" /><!-- duration: 41ms -->
    </step><!-- duration: 182ms -->
    <step title="Removing previous build artifact&apos;s manifest file" date="2026-02-03T08:08:48.902" >
      <step title="Attempting to fetch target branch HEAD" date="2026-02-03T08:08:48.953" /><!-- duration: 11ms -->
      <step title="Acquiring Deployment Lock" date="2026-02-03T08:08:48.987" /><!-- duration: 130ms -->
      <step title="Acquired Deployment Lock" date="2026-02-03T08:08:49.242" /><!-- duration: 8ms -->
      <step title="Performing fetch based deployment" date="2026-02-03T08:08:49.273" >
        <step title="Creating temporary deployment" date="2026-02-03T08:08:49.307" /><!-- duration: 362ms -->
        <step title="Releasing Deployment Lock" date="2026-02-03T08:08:51.032" /><!-- duration: 14ms -->
        <step title="Cleaning up temp folders from previous zip deployments and extracting pushed zip file /tmp/zipdeploy/9021dfde-4239-4680-8a2e-8d93618ec68c.zip (0.27 MB) to /tmp/zipdeploy/extracted" date="2026-02-03T08:08:51.118" >
          <step title="ChmodRecursive Process exited with total time taken in ms: 200" date="2026-02-03T08:08:51.452" /><!-- duration: 8ms -->
        </step><!-- duration: 355ms -->
        <step title="None repository commit" date="2026-02-03T08:08:51.491" >
          <step title="Commit id: b2dc7b87-b37d-447a-b0ed-2fb82818cd53" date="2026-02-03T08:08:51.559" Message="OneDeploy" AuthorName="N/A" AuthorEmail="N/A" /><!-- duration: 9ms -->
        </step><!-- duration: 85ms -->
        <step title="Deployment timer started" date="2026-02-03T08:08:53.660" >
          <step title="DeploymentManager.Deploy(id:b2dc7b87-b37d-447a-b0ed-2fb82818cd53)" date="2026-02-03T08:08:53.707" >
            <step title="Collecting changeset information" date="2026-02-03T08:08:53.768" /><!-- duration: 193ms -->
            <step title="Updating submodules" date="2026-02-03T08:08:53.975" /><!-- duration: 1350ms -->
            <step title="Determining deployment builder" date="2026-02-03T08:08:56.160" >
              <step title="Builder is OryxBuilder" date="2026-02-03T08:08:56.235" /><!-- duration: 12ms -->
            </step><!-- duration: 114ms -->
            <step title="PreDeployment: context.CleanOutputPath False" date="2026-02-03T08:08:56.426" >
              <step title="PreDeployment: context.OutputPath /home/site/wwwroot" date="2026-02-03T08:08:56.696" >
                <step title="Building" date="2026-02-03T08:08:56.982" >
                  <step title="Executing external process" date="2026-02-03T08:08:57.583" type="process" path="bash" arguments="-c &quot;oryx build /tmp/zipdeploy/extracted -o /home/site/wwwroot --platform python --platform-version 3.11 -p virtualenv_name=antenv --log-file /tmp/build-debug.log  -i /tmp/8de62fb7a64edc7 --compress-destination-dir | tee /tmp/oryx-build.log ; exit $PIPESTATUS &quot;" >
                    <step title="Cpu: python(9418,41.800s)+ts(9419,0.160s)+build.sh(9417,0.010s)+build.sh(9416,0.000s)+build.sh(9332,0.050s)+oryx(9312,6.430s)+tee(9313,0.010s)+bash(9311,0.010s)=total(48.420s)" date="2026-02-03T08:10:34.682" /><!-- duration: 46ms -->
                    <step title="bash: no io activity for 60s, prev-cpu=-1.000s, current-cpu=48.420s" date="2026-02-03T08:10:34.797" /><!-- duration: 109ms -->
                  </step><!-- duration: 166443ms -->
                  <step title="Using PythonDeploymentLogParser" date="2026-02-03T08:11:47.726" /><!-- duration: 38ms -->
                  <step title="Modified file to trigger a restart of the app container." date="2026-02-03T08:11:52.764" /><!-- duration: 10ms -->
                  <step title="Skip function trigger and logicapp sync because function is not enabled." date="2026-02-03T08:11:52.799" /><!-- duration: 47ms -->
                </step><!-- duration: 179223ms -->
              </step><!-- duration: 179680ms -->
              <step title="Cleaning up temp files" date="2026-02-03T08:11:56.413" /><!-- duration: 2426ms -->
              <step title="Cleaning up temp files" date="2026-02-03T08:11:58.858" /><!-- duration: 597ms -->
              <step title="Reloading status file with latest updates" date="2026-02-03T08:11:59.561" >
                <step title="WebHooksManager.PublishEventAsync: PostDeployment" date="2026-02-03T08:11:59.599" /><!-- duration: 127ms -->
              </step><!-- duration: 177ms -->
              <step title="Cleaning up temporary deployment - fetch deployment was successful" date="2026-02-03T08:11:59.756" /><!-- duration: 18ms -->
            </step><!-- duration: 183487ms -->
          </step><!-- duration: 186235ms -->
          <step title="Outgoing response" date="2026-02-03T08:12:00.086" type="response" statusCode="200" statusText="OK" /><!-- duration: 17ms -->
        </step><!-- duration: 186453ms -->
