﻿<?xml version="1.0" encoding="utf-8"?>
<deployment>
  <id>bd87ddac-ab0f-4cd6-a85f-b846601b5e96</id>
  <author>N/A</author>
  <deployer>OneDeploy</deployer>
  <authorEmail>N/A</authorEmail>
  <message>OneDeploy</message>
  <progress></progress>
  <status>Success</status>
  <statusText></statusText>
  <lastSuccessEndTime>2026-02-02T20:52:59.744919Z</lastSuccessEndTime>
  <receivedTime>2026-02-02T20:45:22.1865181Z</receivedTime>
  <startTime>2026-02-02T20:45:24.0108269Z</startTime>
  <endTime>2026-02-02T20:52:59.744919Z</endTime>
  <complete>True</complete>
  <is_temp>False</is_temp>
  <is_readonly>True</is_readonly>
  <buildSummary />
</deployment>